"","Var1","Freq"
"1","2007-07-02",6
"2","2007-08-27",97
"3","2007-08-28",75
"4","2007-09-02",1
"5","2008-02-04",3
"6","2008-04-18",2
"7","2008-05-30",127
"8","2008-05-31",1189
"9","2008-06-01",28
"10","2008-06-02",196
"11","2008-06-03",111
"12","2008-06-05",135
"13","2008-06-06",49
"14","2008-06-08",2
"15","2008-06-09",8
"16","2008-06-10",11
"17","2008-06-11",1
"18","2008-06-22",113
"19","2008-06-27",4
"20","2008-07-06",1
"21","2008-07-18",8
"22","2008-07-22",2
"23","2008-08-15",11
"24","2008-08-19",19
"25","2008-08-23",40
"26","2008-09-04",87
"27","2008-09-05",56
"28","2008-09-07",1
"29","2008-09-08",315
"30","2008-09-09",543
"31","2008-09-12",7
"32","2008-09-13",881
"33","2008-09-16",110
"34","2008-09-24",96
"35","2008-10-13",143
"36","2008-10-22",1550
"37","2008-11-09",83
"38","2008-11-20",1
"39","2008-11-22",1
"40","2008-11-24",1
"41","2008-12-06",743
"42","2008-12-09",27
"43","2009-01-06",175
"44","2009-01-11",1
"45","2009-01-20",34
"46","2009-01-22",35
"47","2009-01-25",570
"48","2009-01-26",215
"49","2009-01-30",22
"50","2009-02-01",4
"51","2009-02-04",16
"52","2009-02-06",18
"53","2009-02-09",250
"54","2009-02-17",23
"55","2009-02-28",2
"56","2009-03-01",39
"57","2009-03-02",22
"58","2009-03-03",14
"59","2009-03-06",34
"60","2009-03-09",12
"61","2009-03-10",155
"62","2009-03-13",26
"63","2009-03-15",690
"64","2009-03-16",17
"65","2009-04-07",3
"66","2009-04-08",1
"67","2009-05-02",21
"68","2009-06-12",1
"69","2009-06-18",25
"70","2009-06-19",458
"71","2009-06-23",446
"72","2009-06-24",371
"73","2009-07-06",1
"74","2009-07-15",31
"75","2009-08-06",414
"76","2009-08-07",13
"77","2009-08-30",635
"78","2009-09-01",21
"79","2009-09-05",1316
"80","2009-10-14",15
"81","2009-11-03",116
"82","2009-11-05",14
"83","2009-11-06",4
"84","2009-11-10",14
"85","2009-11-13",43
"86","2009-11-14",192
"87","2009-11-15",27
"88","2009-11-18",78
"89","2009-11-19",588
"90","2009-11-20",2
"91","2009-11-21",30
"92","2009-11-22",1
"93","2009-11-25",10
"94","2009-11-29",221
"95","2009-11-30",1101
"96","2009-12-01",211
"97","2009-12-02",52
"98","2009-12-04",345
"99","2009-12-05",324
"100","2009-12-06",87
"101","2009-12-09",115
"102","2009-12-10",164
"103","2009-12-11",75
"104","2009-12-12",236
"105","2009-12-14",188
"106","2009-12-17",126
"107","2009-12-22",14
"108","2009-12-23",254
"109","2009-12-29",188
"110","2009-12-30",825
"111","2010-01-01",205
"112","2010-01-02",407
"113","2010-01-03",265
"114","2010-01-04",395
"115","2010-01-05",194
"116","2010-01-06",858
"117","2010-01-08",2
"118","2010-01-19",70
"119","2010-01-23",166
"120","2010-01-31",2
"121","2010-02-07",456
"122","2010-02-21",62
"123","2010-03-06",3
"124","2010-03-18",5
"125","2010-03-19",303
"126","2010-03-20",37
"127","2010-03-21",258
"128","2010-03-22",202
"129","2010-03-23",225
"130","2010-03-24",88
"131","2010-03-27",1
"132","2010-03-29",25
"133","2010-04-05",62
"134","2010-04-10",167
"135","2010-04-12",87
"136","2010-04-22",1327
"137","2010-04-27",1
"138","2010-05-04",2
"139","2010-05-06",1
"140","2010-05-08",1
"141","2010-05-09",24
"142","2010-05-10",2
"143","2010-05-16",103
"144","2010-05-17",42
"145","2010-05-21",5
"146","2010-05-23",19
"147","2010-05-31",12
"148","2010-06-02",5
"149","2010-06-04",113
"150","2010-06-05",991
"151","2010-06-06",1
"152","2010-06-07",2530
"153","2010-06-08",951
"154","2010-06-10",31
"155","2010-06-22",5
"156","2010-07-08",17
"157","2010-07-14",144
"158","2010-08-04",3
"159","2010-08-06",61
"160","2010-08-08",17
"161","2010-08-10",56
"162","2010-08-11",573
"163","2010-08-13",23
"164","2010-08-27",69
"165","2010-08-28",8
"166","2010-08-30",111
"167","2010-09-07",630
"168","2010-09-08",245
"169","2010-09-12",168
"170","2010-09-15",81
"171","2010-09-18",67
"172","2010-09-20",8
"173","2010-09-26",28
"174","2010-09-27",369
"175","2010-10-10",16
"176","2010-10-12",69
"177","2010-10-24",1
"178","2010-10-25",8
"179","2010-11-01",2520
"180","2010-11-02",514
"181","2010-11-04",138
"182","2010-11-05",751
"183","2010-11-06",3
"184","2010-11-08",6
"185","2010-11-09",1
"186","2010-11-10",32
"187","2010-11-11",12
"188","2010-11-13",832
"189","2010-11-14",30
"190","2010-11-16",49
"191","2010-11-17",10
"192","2010-11-18",1
"193","2010-11-19",9
"194","2010-11-20",15
"195","2010-11-23",1
"196","2010-12-07",3050
"197","2010-12-13",244
"198","2010-12-14",108
"199","2010-12-15",31
"200","2010-12-16",4
"201","2010-12-17",744
"202","2010-12-18",1006
"203","2010-12-20",1
"204","2010-12-23",119
"205","2010-12-24",1
"206","2010-12-29",62
"207","2010-12-30",34
"208","2010-12-31",966
"209","2011-01-01",1180
"210","2011-01-02",3302
"211","2011-01-03",304
"212","2011-01-05",2
"213","2011-01-12",1
"214","2011-01-23",4
"215","2011-01-27",48
"216","2011-01-28",352
"217","2011-01-30",24
"218","2011-02-01",1170
"219","2011-02-02",56
"220","2011-02-03",53
"221","2011-02-09",21
"222","2011-02-11",52
"223","2011-03-05",625
"224","2011-03-14",94
"225","2011-03-20",1
"226","2011-03-21",361
"227","2011-04-03",241
"228","2011-04-11",3
"229","2011-04-12",6
"230","2011-04-17",1
"231","2011-04-30",10
"232","2011-05-01",807
"233","2011-05-02",4
"234","2011-05-05",141
"235","2011-05-06",516
"236","2011-05-07",101
"237","2011-05-08",123
"238","2011-05-09",252
"239","2011-05-10",173
"240","2011-05-11",283
"241","2011-05-12",328
"242","2011-05-13",20
"243","2011-05-14",14
"244","2011-05-15",2
"245","2011-05-17",6
"246","2011-05-19",1
"247","2011-05-24",269
"248","2011-05-28",34
"249","2011-06-05",93
"250","2011-06-09",24
"251","2011-06-10",2
"252","2011-06-12",35
"253","2011-06-13",129
"254","2011-06-14",2
"255","2011-06-18",627
"256","2011-06-19",46
"257","2011-06-20",177
"258","2011-06-22",33
"259","2011-06-27",451
"260","2011-06-28",57
"261","2011-06-29",278
"262","2011-06-30",1722
"263","2011-07-01",861
"264","2011-07-02",15
"265","2011-07-03",13
"266","2011-07-04",151
"267","2011-07-05",464
"268","2011-07-06",72
"269","2011-07-07",39
"270","2011-07-08",8
"271","2011-07-09",852
"272","2011-07-11",50
"273","2011-07-12",357
"274","2011-07-13",23
"275","2011-07-14",1
"276","2011-07-15",9
"277","2011-07-18",4
"278","2011-07-19",10
"279","2011-07-31",3
"280","2011-08-02",281
"281","2011-08-03",302
"282","2011-08-04",6
"283","2011-08-05",117
"284","2011-08-06",22
"285","2011-08-07",44
"286","2011-08-08",62
"287","2011-08-09",6
"288","2011-08-10",13
"289","2011-08-11",193
"290","2011-08-12",44
"291","2011-08-14",363
"292","2011-08-15",515
"293","2011-08-16",8
"294","2011-08-17",311
"295","2011-08-18",11
"296","2011-08-19",44
"297","2011-08-25",24
"298","2011-08-26",24
"299","2011-08-28",30
"300","2011-08-30",4
"301","2011-08-31",4
"302","2011-09-01",2
"303","2011-09-11",1
"304","2011-09-13",1
"305","2011-09-15",25
"306","2011-09-17",23
"307","2011-09-19",1
"308","2011-09-20",24543
"309","2011-09-22",9
"310","2011-09-25",337
"311","2011-09-26",121
"312","2011-09-27",8
"313","2011-09-30",128
"314","2011-10-08",1
"315","2011-10-09",110
"316","2011-10-10",180
"317","2011-10-14",790
"318","2011-10-18",40
"319","2011-10-19",307
"320","2011-10-23",75
"321","2011-10-26",151
"322","2011-10-29",2
"323","2011-10-30",661
"324","2011-10-31",8
"325","2011-11-02",81
"326","2011-11-03",939
"327","2011-11-04",63
"328","2011-11-05",649
"329","2011-11-06",744
"330","2011-11-09",41
"331","2011-11-10",527
"332","2011-11-11",574
"333","2011-11-12",41
"334","2011-11-13",539
"335","2011-11-14",52
"336","2011-11-19",55
"337","2011-11-20",39
"338","2011-11-21",8
"339","2011-11-22",4059
"340","2011-11-23",230
"341","2011-11-25",2
"342","2011-11-26",1372
"343","2011-11-28",179
"344","2011-11-29",70
"345","2011-11-30",23
"346","2011-12-01",209
"347","2011-12-06",1
"348","2011-12-09",43
"349","2011-12-13",331
"350","2011-12-15",173
"351","2011-12-16",34
"352","2011-12-18",10
"353","2011-12-20",37
"354","2011-12-26",22
"355","2011-12-29",22
"356","2011-12-30",2
"357","2012-01-08",35
"358","2012-01-09",4
"359","2012-01-17",5
"360","2012-01-18",179
"361","2012-01-19",11
"362","2012-01-25",3
"363","2012-01-27",2
"364","2012-01-29",47
"365","2012-01-30",228
"366","2012-02-02",122
"367","2012-02-03",14
"368","2012-02-05",2
"369","2012-02-07",266
"370","2012-02-08",2
"371","2012-02-09",1
"372","2012-02-11",436
"373","2012-02-14",2
"374","2012-02-15",1
"375","2012-02-16",5
"376","2012-02-18",109
"377","2012-02-24",9
"378","2012-02-25",3
"379","2012-02-28",10
"380","2012-03-01",9
"381","2012-03-02",258
"382","2012-03-03",94
"383","2012-03-04",730
"384","2012-03-09",96
"385","2012-03-11",535
"386","2012-03-15",70
"387","2012-03-16",60
"388","2012-03-17",140
"389","2012-03-18",1003
"390","2012-03-19",31
"391","2012-03-20",422
"392","2012-03-21",56
"393","2012-03-22",24
"394","2012-03-26",72
"395","2012-04-07",77
"396","2012-04-08",7
"397","2012-04-09",107
"398","2012-04-15",361
"399","2012-04-20",13
"400","2012-04-25",4
"401","2012-04-26",17
"402","2012-04-30",10
"403","2012-05-02",334
"404","2012-05-03",94
"405","2012-05-05",170
"406","2012-05-06",426
"407","2012-05-10",907
"408","2012-05-11",7
"409","2012-05-12",4
"410","2012-05-13",8
"411","2012-05-14",5
"412","2012-05-15",21
"413","2012-05-20",5
"414","2012-05-22",1
"415","2012-05-27",12
"416","2012-05-28",12
"417","2012-05-29",3
"418","2012-05-31",37
"419","2012-06-01",207
"420","2012-06-02",575
"421","2012-06-03",170
"422","2012-06-04",5
"423","2012-06-05",51
"424","2012-06-06",1
"425","2012-06-07",189
"426","2012-06-08",10
"427","2012-06-09",1668
"428","2012-06-10",226
"429","2012-06-11",79
"430","2012-06-13",229
"431","2012-06-14",5
"432","2012-06-17",369
"433","2012-06-18",4
"434","2012-06-19",507
"435","2012-06-20",51
"436","2012-06-21",223
"437","2012-06-22",360
"438","2012-06-24",55
"439","2012-06-25",390
"440","2012-06-26",306
"441","2012-06-27",155
"442","2012-06-28",139
"443","2012-06-29",121
"444","2012-06-30",165
"445","2012-07-01",12
"446","2012-07-02",4
"447","2012-07-03",138
"448","2012-07-04",70
"449","2012-07-05",2
"450","2012-07-06",1
"451","2012-07-07",23
"452","2012-07-08",808
"453","2012-07-09",23
"454","2012-07-10",38
"455","2012-07-11",1232
"456","2012-07-12",22
"457","2012-07-13",123
"458","2012-07-14",32
"459","2012-07-15",3
"460","2012-07-16",478
"461","2012-07-18",5
"462","2012-07-19",28
"463","2012-07-20",1185
"464","2012-07-21",6
"465","2012-07-22",445
"466","2012-07-23",1829
"467","2012-07-24",24
"468","2012-07-25",86
"469","2012-07-26",48
"470","2012-07-27",77
"471","2012-07-29",1
"472","2012-07-31",4
"473","2012-08-01",1241
"474","2012-08-02",4
"475","2012-08-03",28
"476","2012-08-04",17
"477","2012-08-06",799
"478","2012-08-07",3
"479","2012-08-08",753
"480","2012-08-09",9
"481","2012-08-10",193
"482","2012-08-11",134
"483","2012-08-15",4
"484","2012-08-17",269
"485","2012-08-18",264
"486","2012-08-19",262
"487","2012-08-20",1650
"488","2012-08-21",906
"489","2012-08-22",229
"490","2012-08-23",589
"491","2012-08-24",552
"492","2012-08-25",259
"493","2012-08-26",109
"494","2012-08-27",45
"495","2012-08-28",543
"496","2012-08-29",505
"497","2012-08-30",913
"498","2012-08-31",270
"499","2012-09-01",289
"500","2012-09-02",690
"501","2012-09-03",1316
"502","2012-09-04",455
"503","2012-09-05",423
"504","2012-09-06",361
"505","2012-09-07",331
"506","2012-09-08",804
"507","2012-09-09",828
"508","2012-09-10",353
"509","2012-09-11",4797
"510","2012-09-12",98
"511","2012-09-13",2170
"512","2012-09-14",2379
"513","2012-09-15",175
"514","2012-09-16",245
"515","2012-09-17",1049
"516","2012-09-18",1307
"517","2012-09-19",433
"518","2012-09-20",1350
"519","2012-09-21",564
"520","2012-09-22",1298
"521","2012-09-23",30
"522","2012-09-24",127
"523","2012-09-25",315
"524","2012-09-26",247
"525","2012-09-27",262
"526","2012-09-28",166
"527","2012-09-29",466
"528","2012-09-30",69
"529","2012-10-01",379
"530","2012-10-02",53
"531","2012-10-03",275
"532","2012-10-04",1751
"533","2012-10-05",1152
"534","2012-10-06",316
"535","2012-10-07",709
"536","2012-10-08",455
"537","2012-10-09",980
"538","2012-10-10",570
"539","2012-10-11",1079
"540","2012-10-12",1532
"541","2012-10-13",330
"542","2012-10-14",478
"543","2012-10-15",768
"544","2012-10-16",829
"545","2012-10-17",653
"546","2012-10-18",261
"547","2012-10-19",136
"548","2012-10-20",15
"549","2012-10-21",57
"550","2012-10-22",226
"551","2012-10-23",239
"552","2012-10-24",1232
"553","2012-10-25",114
"554","2012-10-26",147
"555","2012-10-27",170
"556","2012-10-28",8
"557","2012-10-29",1
"558","2012-10-30",3509
"559","2012-10-31",3173
"560","2012-11-01",81
"561","2012-11-02",25
"562","2012-11-03",349
"563","2012-11-04",554
"564","2012-11-05",135
"565","2012-11-06",987
"566","2012-11-07",74
"567","2012-11-08",568
"568","2012-11-09",212
"569","2012-11-10",384
"570","2012-11-11",75
"571","2012-11-12",674
"572","2012-11-13",2450
"573","2012-11-14",46
"574","2012-11-15",318
"575","2012-11-16",829
"576","2012-11-17",57
"577","2012-11-18",344
"578","2012-11-19",1118
"579","2012-11-20",202
"580","2012-11-21",496
"581","2012-11-22",1610
"582","2012-11-23",639
"583","2012-11-24",95
"584","2012-11-25",195
"585","2012-11-26",157
"586","2012-11-27",591
"587","2012-11-28",1914
"588","2012-11-29",1359
"589","2012-11-30",635
"590","2012-12-01",45
"591","2012-12-02",1148
"592","2012-12-03",234
"593","2012-12-04",445
"594","2012-12-05",861
"595","2012-12-06",597
"596","2012-12-07",818
"597","2012-12-08",800
"598","2012-12-09",1428
"599","2012-12-10",269
"600","2012-12-11",542
"601","2012-12-12",1512
"602","2012-12-13",1325
"603","2012-12-14",1820
"604","2012-12-15",138
"605","2012-12-16",334
"606","2012-12-17",891
"607","2012-12-18",348
"608","2012-12-19",4276
"609","2012-12-20",6472
"610","2012-12-21",135
"611","2012-12-22",115
"612","2012-12-23",302
"613","2012-12-24",1476
"614","2012-12-25",303
"615","2012-12-26",1544
"616","2012-12-27",82
"617","2012-12-28",205
"618","2012-12-29",160
"619","2012-12-30",93
"620","2012-12-31",432
"621","2013-01-01",1191
"622","2013-01-02",115
"623","2013-01-03",149
"624","2013-01-04",396
"625","2013-01-05",4
"626","2013-01-06",291
"627","2013-01-07",600
"628","2013-01-08",773
"629","2013-01-09",276
"630","2013-01-10",397
"631","2013-01-11",2505
"632","2013-01-12",75
"633","2013-01-13",900
"634","2013-01-14",74
"635","2013-01-15",1179
"636","2013-01-16",591
"637","2013-01-17",1096
"638","2013-01-18",133
"639","2013-01-19",4592
"640","2013-01-20",38
"641","2013-01-21",11
"642","2013-01-22",58
"643","2013-01-23",37
"644","2013-01-24",476
"645","2013-01-25",172
"646","2013-01-26",267
"647","2013-01-27",1374
"648","2013-01-28",894
"649","2013-01-29",259
"650","2013-01-30",3885
"651","2013-01-31",2650
"652","2013-02-01",2901
"653","2013-02-02",1658
"654","2013-02-03",1200
"655","2013-02-04",769
"656","2013-02-05",570
"657","2013-02-06",848
"658","2013-02-07",1112
"659","2013-02-08",1145
"660","2013-02-09",1035
"661","2013-02-10",3441
"662","2013-02-11",2194
"663","2013-02-12",1225
"664","2013-02-13",331
"665","2013-02-14",763
"666","2013-02-15",1671
"667","2013-02-16",903
"668","2013-02-17",2066
"669","2013-02-18",21416
"670","2013-02-19",2112
"671","2013-02-20",3214
"672","2013-02-21",5151
"673","2013-02-22",8989
"674","2013-02-23",47388
"675","2013-02-24",15734
"676","2013-02-25",1550
"677","2013-02-26",4562
"678","2013-02-27",2708
"679","2013-02-28",623
"680","2013-03-01",2198
"681","2013-03-02",1943
"682","2013-03-03",9504
"683","2013-03-04",4902
"684","2013-03-05",11216
"685","2013-03-06",7630
"686","2013-03-07",9851
"687","2013-03-08",13216
"688","2013-03-09",2989
"689","2013-03-10",3364
"690","2013-03-11",11005
"691","2013-03-12",14133
"692","2013-03-13",4324
"693","2013-03-14",1314
"694","2013-03-15",3152
"695","2013-03-16",439
"696","2013-03-17",3681
"697","2013-03-18",14191
"698","2013-03-19",5816
"699","2013-03-20",5380
"700","2013-03-21",2737
"701","2013-03-22",3908
"702","2013-03-23",12409
"703","2013-03-24",12007
"704","2013-03-25",915
"705","2013-03-26",376
"706","2013-03-27",5785
"707","2013-03-28",1651
"708","2013-03-29",619
"709","2013-03-30",2445
"710","2013-04-01",1936
"711","2013-04-02",2625
"712","2013-04-03",1647
"713","2013-04-04",1516
"714","2013-04-05",1146
"715","2013-04-06",762
"716","2013-04-07",10041
"717","2013-04-08",5336
"718","2013-04-09",5485
"719","2013-04-10",4458
"720","2013-04-11",5318
"721","2013-04-12",3919
"722","2013-04-13",619
"723","2013-04-14",403
"724","2013-04-15",4209
"725","2013-04-16",1293
"726","2013-04-17",404
"727","2013-04-18",3172
"728","2013-04-19",3360
"729","2013-04-20",4178
"730","2013-04-21",6247
"731","2013-04-22",3211
"732","2013-04-23",5683
"733","2013-04-24",2840
"734","2013-04-25",4214
"735","2013-04-26",4847
"736","2013-04-27",1420
"737","2013-04-28",993
"738","2013-04-29",2752
"739","2013-04-30",1209
"740","2013-05-01",5071
"741","2013-05-02",2332
"742","2013-05-03",1752
"743","2013-05-04",3797
"744","2013-05-05",360
"745","2013-05-06",2580
"746","2013-05-07",1009
"747","2013-05-08",446
"748","2013-05-09",1048
"749","2013-05-10",3656
"750","2013-05-11",136
"751","2013-05-12",1617
"752","2013-05-13",3843
"753","2013-05-14",2695
"754","2013-05-15",714
"755","2013-05-16",1108
"756","2013-05-17",5844
"757","2013-05-18",3921
"758","2013-05-19",3249
"759","2013-05-20",3020
"760","2013-05-21",5865
"761","2013-05-22",5668
"762","2013-05-23",4723
"763","2013-05-24",4018
"764","2013-05-25",841
"765","2013-05-26",1206
"766","2013-05-27",4783
"767","2013-05-28",4875
"768","2013-05-29",4577
"769","2013-05-30",6352
"770","2013-05-31",1896
"771","2013-06-01",637
"772","2013-06-02",523
"773","2013-06-03",1072
"774","2013-06-04",1955
"775","2013-06-05",1241
"776","2013-06-06",890
"777","2013-06-07",366
"778","2013-06-08",2187
"779","2013-06-09",2975
"780","2013-06-10",782
"781","2013-06-11",1155
"782","2013-06-12",2276
"783","2013-06-13",565
"784","2013-06-14",578
"785","2013-06-15",115
"786","2013-06-16",38
"787","2013-06-17",930
"788","2013-06-18",375
"789","2013-06-19",17331
"790","2013-06-20",13772
"791","2013-06-21",1938
"792","2013-06-22",196
"793","2013-06-23",492
"794","2013-06-24",499
"795","2013-06-25",2531
"796","2013-06-26",3929
"797","2013-06-27",3543
"798","2013-06-28",1821
"799","2013-06-29",598
"800","2013-07-01",792
"801","2013-07-02",419
"802","2013-07-03",123
"803","2013-07-04",2222
"804","2013-07-05",1309
"805","2013-07-06",43
"806","2013-07-07",154
"807","2013-07-08",721
"808","2013-07-09",317
"809","2013-07-10",234
"810","2013-07-11",56
"811","2013-07-12",158
"812","2013-07-15",2773
"813","2013-07-16",1183
"814","2013-07-17",360
"815","2013-07-18",3146
"816","2013-07-19",649
"817","2013-07-20",1679
"818","2013-07-21",2417
"819","2013-07-22",1550
"820","2013-07-23",1858
"821","2013-07-24",430
"822","2013-07-25",401
"823","2013-07-26",89
"824","2013-07-27",4
"825","2013-07-28",1213
"826","2013-07-29",40
"827","2013-07-30",505
"828","2013-07-31",1161
"829","2013-08-01",183
"830","2013-08-02",1685
"831","2013-08-03",2996
"832","2013-08-04",120
"833","2013-08-05",1276
"834","2013-08-06",666
"835","2013-08-07",3608
"836","2013-08-08",2132
"837","2013-08-09",2233
"838","2013-08-10",9737
"839","2013-08-11",2219
"840","2013-08-12",1582
"841","2013-08-13",6902
"842","2013-08-14",4181
"843","2013-08-15",4220
"844","2013-08-16",2819
"845","2013-08-17",18
"846","2013-08-18",3001
"847","2013-08-19",6352
"848","2013-08-20",8592
"849","2013-08-21",648
"850","2013-08-22",7212
"851","2013-08-23",6733
"852","2013-08-24",1989
"853","2013-08-25",6309
"854","2013-08-26",11051
"855","2013-08-27",4955
"856","2013-08-28",4453
"857","2013-08-29",7515
"858","2013-08-30",7921
"859","2013-08-31",4363
"860","2013-09-01",5885
"861","2013-09-02",4422
"862","2013-09-03",4525
"863","2013-09-04",4088
"864","2013-09-05",4564
"865","2013-09-06",4023
"866","2013-09-07",7261
"867","2013-09-08",897
"868","2013-09-09",2872
"869","2013-09-10",2856
"870","2013-09-11",4436
"871","2013-09-12",8974
"872","2013-09-13",503
"873","2013-09-14",699
"874","2013-09-15",4618
"875","2013-09-16",4318
"876","2013-09-17",3737
"877","2013-09-18",4216
"878","2013-09-19",5861
"879","2013-09-20",829
"880","2013-09-21",474
"881","2013-09-22",1762
"882","2013-09-23",4574
"883","2013-09-24",1073
"884","2013-09-25",650
"885","2013-09-26",856
"886","2013-09-27",1056
"887","2013-09-28",1760
"888","2013-09-29",1791
"889","2013-09-30",11014
"890","2013-10-01",10040
"891","2013-10-02",12691
"892","2013-10-03",6323
"893","2013-10-04",8820
"894","2013-10-05",653
"895","2013-10-06",285
"896","2013-10-07",238
"897","2013-10-08",662
"898","2013-10-09",286
"899","2013-10-10",845
"900","2013-10-12",1066
"901","2013-10-13",2304
"902","2013-10-14",1053
"903","2013-10-15",586
"904","2013-10-16",1907
"905","2013-10-17",307
"906","2013-10-18",320
"907","2013-10-19",272
"908","2013-10-20",330
"909","2013-10-21",420
"910","2013-10-22",62
"911","2013-10-23",341
"912","2013-10-24",2821
"913","2013-10-25",4085
"914","2013-10-26",6245
"915","2013-10-27",789
"916","2013-10-28",1120
"917","2013-10-29",3131
"918","2013-10-30",2023
"919","2013-10-31",4087
"920","2013-11-01",33307
"921","2013-11-02",20498
"922","2013-11-03",1520
"923","2013-11-04",934
"924","2013-11-05",3521
"925","2013-11-06",12041
"926","2013-11-07",11419
"927","2013-11-08",16697
"928","2013-11-09",3440
"929","2013-11-10",4062
"930","2013-11-11",3242
"931","2013-11-12",3078
"932","2013-11-13",77
"933","2013-11-14",1926
"934","2013-11-15",59
"935","2013-11-16",19
"936","2013-11-17",678
"937","2013-11-18",982
"938","2013-11-19",2015
"939","2013-11-20",3550
"940","2013-11-21",375
"941","2013-11-22",37
"942","2013-11-23",24
"943","2013-11-24",3115
"944","2013-11-25",4459
"945","2013-11-26",754
"946","2013-11-27",3038
"947","2013-11-28",31
"948","2013-11-29",1456
"949","2013-11-30",37
"950","2013-12-01",854
"951","2013-12-02",4039
"952","2013-12-03",2610
"953","2013-12-04",1621
"954","2013-12-05",2573
"955","2013-12-06",3984
"956","2013-12-08",6223
"957","2013-12-09",3829
"958","2013-12-10",4
"959","2013-12-12",256
"960","2013-12-13",47
"961","2013-12-14",44
"962","2013-12-15",384
"963","2013-12-16",415
"964","2013-12-17",11
"965","2013-12-18",590
"966","2013-12-19",3146
"967","2013-12-20",2817
"968","2013-12-21",1626
"969","2013-12-22",3055
"970","2013-12-23",222
"971","2013-12-24",210
"972","2013-12-25",58
"973","2013-12-26",387
"974","2013-12-27",322
"975","2013-12-28",728
"976","2013-12-29",563
"977","2013-12-30",25
"978","2013-12-31",35
"979","2014-01-01",13
"980","2014-01-02",3105
"981","2014-01-03",668
"982","2014-01-04",253
"983","2014-01-05",106
"984","2014-01-06",1633
"985","2014-01-07",60
"986","2014-01-08",20
"987","2014-01-09",2503
"988","2014-01-10",4
"989","2014-01-11",1
"990","2014-01-12",50
"991","2014-01-13",101
"992","2014-01-14",1567
"993","2014-01-15",6580
"994","2014-01-16",8028
"995","2014-01-17",6435
"996","2014-01-18",5143
"997","2014-01-19",4817
"998","2014-01-20",5243
"999","2014-01-21",5251
"1000","2014-01-22",6031
"1001","2014-01-23",1375
"1002","2014-01-24",179
"1003","2014-01-25",57
"1004","2014-01-26",2394
"1005","2014-01-27",473
"1006","2014-01-28",4968
"1007","2014-01-29",7122
"1008","2014-01-30",6963
"1009","2014-01-31",2054
"1010","2014-02-01",76
"1011","2014-02-02",2158
"1012","2014-02-03",4483
"1013","2014-02-04",1941
"1014","2014-02-05",2239
"1015","2014-02-06",1897
"1016","2014-02-07",8
"1017","2014-02-08",1021
"1018","2014-02-09",806
"1019","2014-02-10",397
"1020","2014-02-11",183
"1021","2014-02-12",2063
"1022","2014-02-13",223
"1023","2014-02-14",20
"1024","2014-02-16",21
"1025","2014-02-17",14
"1026","2014-02-18",613
"1027","2014-02-19",185
"1028","2014-02-20",462
"1029","2014-02-21",582
"1030","2014-02-22",1159
"1031","2014-02-23",1278
"1032","2014-02-24",1979
"1033","2014-02-25",9343
"1034","2014-02-26",967
"1035","2014-02-27",3239
"1036","2014-02-28",1052
"1037","2014-03-01",1775
"1038","2014-03-02",984
"1039","2014-03-03",3036
"1040","2014-03-04",21079
"1041","2014-03-05",1804
"1042","2014-03-06",518
"1043","2014-03-07",573
"1044","2014-03-08",1285
"1045","2014-03-09",195
"1046","2014-03-10",292
"1047","2014-03-11",3227
"1048","2014-03-12",684
"1049","2014-03-13",397
"1050","2014-03-14",1143
"1051","2014-03-15",94
"1052","2014-03-16",3915
"1053","2014-03-17",1288
"1054","2014-03-18",1515
"1055","2014-03-19",2036
"1056","2014-03-20",1897
"1057","2014-03-21",908
"1058","2014-03-22",3786
"1059","2014-03-23",530
"1060","2014-03-24",1994
"1061","2014-03-25",988
"1062","2014-03-26",148
"1063","2014-03-27",627
"1064","2014-03-28",31
"1065","2014-03-29",3
"1066","2014-03-30",224
"1067","2014-03-31",985
"1068","2014-04-01",224
"1069","2014-04-02",254
"1070","2014-04-03",1105
"1071","2014-04-04",1521
"1072","2014-04-05",41
"1073","2014-04-06",28
"1074","2014-04-07",359
"1075","2014-04-08",347
"1076","2014-04-09",80
"1077","2014-04-10",495
"1078","2014-04-11",511
"1079","2014-04-12",4
"1080","2014-04-13",48
"1081","2014-04-14",340
"1082","2014-04-15",9
"1083","2014-04-16",934
"1084","2014-04-17",1001
"1085","2014-04-18",410
"1086","2014-04-19",506
"1087","2014-04-20",1347
"1088","2014-04-21",1932
"1089","2014-04-22",2119
"1090","2014-04-23",78
"1091","2014-04-24",1171
"1092","2014-04-25",506
"1093","2014-04-26",5
"1094","2014-04-27",1238
"1095","2014-04-28",4676
"1096","2014-04-29",1189
"1097","2014-04-30",415
"1098","2014-05-01",1354
"1099","2014-05-02",1243
"1100","2014-05-03",26
"1101","2014-05-04",825
"1102","2014-05-05",1697
"1103","2014-05-06",554
"1104","2014-05-07",53
"1105","2014-05-08",87
"1106","2014-05-09",199
"1107","2014-05-11",6
"1108","2014-05-12",2444
"1109","2014-05-13",155
"1110","2014-05-14",453
"1111","2014-05-15",113
"1112","2014-05-16",4
"1113","2014-05-17",4428
"1114","2014-05-18",1040
"1115","2014-05-19",890
"1116","2014-05-20",2015
"1117","2014-05-21",419
"1118","2014-05-22",474
"1119","2014-05-23",573
"1120","2014-05-24",302
"1121","2014-05-25",126
"1122","2014-05-26",883
"1123","2014-05-27",2072
"1124","2014-05-28",2850
"1125","2014-05-29",473
"1126","2014-05-30",609
"1127","2014-05-31",125
"1128","2014-06-01",15
"1129","2014-06-02",227
"1130","2014-06-03",3198
"1131","2014-06-05",1988
"1132","2014-06-06",3344
"1133","2014-06-07",5360
"1134","2014-06-08",4681
"1135","2014-06-09",2442
"1136","2014-06-10",1553
"1137","2014-06-11",918
"1138","2014-06-12",74
"1139","2014-06-13",1093
"1140","2014-06-14",169
"1141","2014-06-15",851
"1142","2014-06-16",593
"1143","2014-06-17",464
"1144","2014-06-18",1078
"1145","2014-06-19",2651
"1146","2014-06-20",1269
"1147","2014-06-21",242
"1148","2014-06-22",1083
"1149","2014-06-23",2129
"1150","2014-06-24",1623
"1151","2014-06-25",1675
"1152","2014-06-26",593
"1153","2014-06-27",247
"1154","2014-06-29",333
"1155","2014-06-30",359
"1156","2014-07-01",2220
"1157","2014-07-02",3278
"1158","2014-07-03",1890
"1159","2014-07-04",1456
"1160","2014-07-05",285
"1161","2014-07-06",933
"1162","2014-07-07",5218
"1163","2014-07-08",98
"1164","2014-07-09",1045
"1165","2014-07-10",158
"1166","2014-07-11",573
"1167","2014-07-12",203
"1168","2014-07-13",358
"1169","2014-07-14",3
"1170","2014-07-15",50
"1171","2014-07-16",4399
"1172","2014-07-17",1928
"1173","2014-07-18",2742
"1174","2014-07-19",1832
"1175","2014-07-20",23
"1176","2014-07-21",1049
"1177","2014-07-22",143
"1178","2014-07-23",102
"1179","2014-07-24",906
"1180","2014-07-25",540
"1181","2014-07-26",2553
"1182","2014-07-28",1424
"1183","2014-07-29",1949
"1184","2014-07-30",988
"1185","2014-07-31",144
"1186","2014-08-01",41
"1187","2014-08-02",2034
"1188","2014-08-03",4983
"1189","2014-08-04",1564
"1190","2014-08-05",299
"1191","2014-08-06",463
"1192","2014-08-07",492
"1193","2014-08-08",1398
"1194","2014-08-09",24
"1195","2014-08-10",45
"1196","2014-08-11",744
"1197","2014-08-12",652
"1198","2014-08-13",1178
"1199","2014-08-14",8061
"1200","2014-08-15",5678
"1201","2014-08-16",1842
"1202","2014-08-17",3983
"1203","2014-08-18",4356
"1204","2014-08-19",1325
"1205","2014-08-20",1117
"1206","2014-08-21",3137
"1207","2014-08-22",1397
"1208","2014-08-23",7255
"1209","2014-08-24",46
"1210","2014-08-25",2056
"1211","2014-08-26",2023
"1212","2014-08-27",7511
"1213","2014-08-28",9682
"1214","2014-08-29",6722
"1215","2014-08-30",2810
"1216","2014-08-31",5028
"1217","2014-09-01",1539
"1218","2014-09-02",4732
"1219","2014-09-03",4352
"1220","2014-09-04",2213
"1221","2014-09-05",11187
"1222","2014-09-06",1031
"1223","2014-09-07",11035
"1224","2014-09-08",14167
"1225","2014-09-09",8724
"1226","2014-09-10",5343
"1227","2014-09-11",9599
"1228","2014-09-12",9365
"1229","2014-09-13",4473
"1230","2014-09-14",8918
"1231","2014-09-15",2879
"1232","2014-09-16",6564
"1233","2014-09-17",3550
"1234","2014-09-18",14456
"1235","2014-09-19",5050
"1236","2014-09-20",9784
"1237","2014-09-21",4377
"1238","2014-09-22",9313
"1239","2014-09-23",4308
"1240","2014-09-24",1811
"1241","2014-09-25",4980
"1242","2014-09-26",1261
"1243","2014-09-27",3058
"1244","2014-09-28",4000
"1245","2014-09-29",6091
"1246","2014-09-30",1656
"1247","2014-10-01",1832
"1248","2014-10-02",47
"1249","2014-10-03",2
"1250","2014-10-04",10305
"1251","2014-10-05",16510
"1252","2014-10-06",1760
"1253","2014-10-07",2455
"1254","2014-10-08",2979
"1255","2014-10-09",3752
"1256","2014-10-10",4088
"1257","2014-10-11",539
"1258","2014-10-12",135
"1259","2014-10-13",3847
"1260","2014-10-14",1212
"1261","2014-10-15",345
"1262","2014-10-16",11
"1263","2014-10-17",976
"1264","2014-10-18",40
"1265","2014-10-19",740
"1266","2014-10-20",63
"1267","2014-10-21",2114
"1268","2014-10-22",2337
"1269","2014-10-23",343
"1270","2014-10-24",934
"1271","2014-10-25",5026
"1272","2014-10-26",13608
"1273","2014-10-27",9750
"1274","2014-10-28",4716
"1275","2014-10-29",5488
"1276","2014-10-30",2554
"1277","2014-10-31",1049
"1278","2014-11-01",2
"1279","2014-11-02",299
"1280","2014-11-03",1457
"1281","2014-11-04",653
"1282","2014-11-05",4951
"1283","2014-11-06",11
"1284","2014-11-07",2811
"1285","2014-11-08",4027
"1286","2014-11-09",2187
"1287","2014-11-10",1052
"1288","2014-11-11",1135
"1289","2014-11-12",170
"1290","2014-11-13",162
"1291","2014-11-14",841
"1292","2014-11-15",2623
"1293","2014-11-16",1886
"1294","2014-11-17",40
"1295","2014-11-18",443
"1296","2014-11-19",85
"1297","2014-11-20",112
"1298","2014-11-21",577
"1299","2014-11-22",3273
"1300","2014-11-23",5881
"1301","2014-11-24",8046
"1302","2014-11-25",9391
"1303","2014-11-26",8641
"1304","2014-11-27",5560
"1305","2014-11-28",7415
"1306","2014-11-29",2620
"1307","2014-11-30",5204
"1308","2014-12-01",4452
"1309","2014-12-02",1408
"1310","2014-12-03",2164
"1311","2014-12-04",878
"1312","2014-12-05",485
"1313","2014-12-06",1986
"1314","2014-12-07",2570
"1315","2014-12-08",147
"1316","2014-12-09",250
"1317","2014-12-10",7
"1318","2014-12-11",3653
"1319","2014-12-12",490
"1320","2014-12-13",1561
"1321","2014-12-14",4856
"1322","2014-12-15",2352
"1323","2014-12-16",2400
"1324","2014-12-17",89
"1325","2014-12-18",2179
"1326","2014-12-19",2186
"1327","2014-12-20",1204
"1328","2014-12-21",2524
"1329","2014-12-22",142
"1330","2014-12-23",3859
"1331","2014-12-24",6195
"1332","2014-12-25",21
"1333","2014-12-26",3651
"1334","2014-12-27",10339
"1335","2014-12-28",4943
"1336","2014-12-29",243
"1337","2014-12-30",5050
"1338","2014-12-31",2950
"1339","2015-01-01",2122
"1340","2015-01-02",2538
"1341","2015-01-03",132
"1342","2015-01-04",301
"1343","2015-01-05",3584
"1344","2015-01-06",22
"1345","2015-01-07",3724
"1346","2015-01-09",4
"1347","2015-01-10",75
"1348","2015-01-11",3032
"1349","2015-01-12",195
"1350","2015-01-13",4
"1351","2015-01-14",309
"1352","2015-01-15",556
"1353","2015-01-16",2075
"1354","2015-01-17",2392
"1355","2015-01-18",384
"1356","2015-01-19",467
"1357","2015-01-20",293
"1358","2015-01-21",1
"1359","2015-01-22",1793
"1360","2015-01-23",1319
"1361","2015-01-24",926
"1362","2015-01-25",130
"1363","2015-01-26",296
"1364","2015-01-27",499
"1365","2015-01-28",794
"1366","2015-01-29",2472
"1367","2015-01-30",1134
"1368","2015-01-31",271
"1369","2015-02-01",755
"1370","2015-02-02",1166
"1371","2015-02-03",885
"1372","2015-02-04",898
"1373","2015-02-05",163
"1374","2015-02-06",365
"1375","2015-02-07",302
"1376","2015-02-08",729
"1377","2015-02-09",7591
"1378","2015-02-10",9053
"1379","2015-02-11",3947
"1380","2015-02-12",10964
"1381","2015-02-13",18144
"1382","2015-02-14",26371
"1383","2015-02-15",59300
"1384","2015-02-16",39496
"1385","2015-02-17",16631
"1386","2015-02-18",17371
"1387","2015-02-19",37857
"1388","2015-02-20",28003
"1389","2015-02-21",26709
"1390","2015-02-22",13277
"1391","2015-02-23",27390
"1392","2015-02-24",25843
"1393","2015-02-25",27771
"1394","2015-02-26",24653
"1395","2015-02-27",39135
"1396","2015-02-28",30766
"1397","2015-03-01",60243
"1398","2015-03-02",35358
"1399","2015-03-03",17682
"1400","2015-03-04",29340
"1401","2015-03-05",27025
"1402","2015-03-06",18864
"1403","2015-03-07",10647
"1404","2015-03-08",15580
"1405","2015-03-09",6641
"1406","2015-03-10",9715
"1407","2015-03-11",6759
"1408","2015-03-12",3842
"1409","2015-03-13",794
"1410","2015-03-14",8014
"1411","2015-03-15",18992
"1412","2015-03-16",9635
"1413","2015-03-17",18341
"1414","2015-03-18",28489
"1415","2015-03-19",31741
"1416","2015-03-20",28388
"1417","2015-03-21",32090
"1418","2015-03-22",34200
"1419","2015-03-23",34994
"1420","2015-03-24",16933
"1421","2015-03-25",31121
"1422","2015-03-26",33024
"1423","2015-03-27",35677
"1424","2015-03-28",19025
"1425","2015-03-29",18275
"1426","2015-03-30",6524
"1427","2015-03-31",20797
"1428","2015-04-01",23555
"1429","2015-04-02",51213
"1430","2015-04-03",26317
"1431","2015-04-04",17274
"1432","2015-04-05",33662
"1433","2015-04-06",12714
"1434","2015-04-07",28014
"1435","2015-04-08",18124
"1436","2015-04-09",12276
"1437","2015-04-10",9265
"1438","2015-04-11",13861
"1439","2015-04-12",11856
"1440","2015-04-13",12924
"1441","2015-04-14",8847
"1442","2015-04-15",10714
"1443","2015-04-16",6022
"1444","2015-04-17",11673
"1445","2015-04-18",9904
"1446","2015-04-19",15823
"1447","2015-04-20",11292
"1448","2015-04-21",10818
"1449","2015-04-22",7527
"1450","2015-04-23",5871
"1451","2015-04-24",1908
"1452","2015-04-25",271793
"1453","2015-04-26",663210
"1454","2015-04-27",667502
"1455","2015-04-28",644379
"1456","2015-04-29",764169
"1457","2015-04-30",775396
"1458","2015-05-01",582830
"1459","2015-05-02",385035
"1460","2015-05-03",392002
"1461","2015-05-04",437563
"1462","2015-05-05",582881
"1463","2015-05-06",472797
"1464","2015-05-07",367544
"1465","2015-05-08",328794
"1466","2015-05-09",262759
"1467","2015-05-10",183409
"1468","2015-05-11",276340
"1469","2015-05-12",361881
"1470","2015-05-13",419453
"1471","2015-05-14",459472
"1472","2015-05-15",429503
"1473","2015-05-16",234340
"1474","2015-05-17",188621
"1475","2015-05-18",200566
"1476","2015-05-19",171707
"1477","2015-05-20",146638
"1478","2015-05-21",167307
"1479","2015-05-22",159028
"1480","2015-05-23",110429
"1481","2015-05-24",178716
"1482","2015-05-25",389145
"1483","2015-05-26",189203
"1484","2015-05-27",143909
"1485","2015-05-28",135901
"1486","2015-05-29",81471
"1487","2015-05-30",87287
"1488","2015-05-31",105777
"1489","2015-06-01",110795
"1490","2015-06-02",99240
"1491","2015-06-03",69797
"1492","2015-06-04",81189
"1493","2015-06-05",54042
"1494","2015-06-06",51602
"1495","2015-06-07",72033
"1496","2015-06-08",80349
"1497","2015-06-09",72432
"1498","2015-06-10",61212
"1499","2015-06-11",56065
"1500","2015-06-12",69714
"1501","2015-06-13",73370
"1502","2015-06-14",49372
"1503","2015-06-15",82089
"1504","2015-06-16",72517
"1505","2015-06-17",69706
"1506","2015-06-18",86296
"1507","2015-06-19",66550
"1508","2015-06-20",51825
"1509","2015-06-21",64936
"1510","2015-06-22",70382
"1511","2015-06-23",75470
"1512","2015-06-24",59812
"1513","2015-06-25",81154
"1514","2015-06-26",65576
"1515","2015-06-27",57151
"1516","2015-06-28",45029
"1517","2015-06-29",66050
"1518","2015-06-30",48495
"1519","2015-07-01",44447
"1520","2015-07-02",51010
"1521","2015-07-03",27880
"1522","2015-07-04",42526
"1523","2015-07-05",22559
"1524","2015-07-06",40968
"1525","2015-07-07",25648
"1526","2015-07-08",43423
"1527","2015-07-09",21943
"1528","2015-07-10",35719
"1529","2015-07-11",33974
"1530","2015-07-12",16521
"1531","2015-07-13",45010
"1532","2015-07-14",39048
"1533","2015-07-15",17858
"1534","2015-07-16",15259
"1535","2015-07-17",16953
"1536","2015-07-18",12113
"1537","2015-07-19",13654
"1538","2015-07-20",15684
"1539","2015-07-21",13938
"1540","2015-07-22",19972
"1541","2015-07-23",15544
"1542","2015-07-24",7299
"1543","2015-07-25",8905
"1544","2015-07-26",24250
"1545","2015-07-27",28692
"1546","2015-07-28",17601
"1547","2015-07-29",27891
"1548","2015-07-30",14692
"1549","2015-07-31",16650
"1550","2015-08-01",5855
"1551","2015-08-02",12451
"1552","2015-08-03",9149
"1553","2015-08-04",11766
"1554","2015-08-05",13244
"1555","2015-08-06",19911
"1556","2015-08-07",11359
"1557","2015-08-08",10028
"1558","2015-08-09",27065
"1559","2015-08-10",16196
"1560","2015-08-11",7719
"1561","2015-08-12",17458
"1562","2015-08-13",10682
"1563","2015-08-14",11088
"1564","2015-08-15",13620
"1565","2015-08-16",15408
"1566","2015-08-17",9731
"1567","2015-08-18",17674
"1568","2015-08-19",12194
"1569","2015-08-20",8840
"1570","2015-08-21",6743
"1571","2015-08-22",8890
"1572","2015-08-23",10810
"1573","2015-08-24",10179
"1574","2015-08-25",15970
"1575","2015-08-26",21827
"1576","2015-08-27",14917
"1577","2015-08-28",9417
"1578","2015-08-29",5048
"1579","2015-08-30",6018
"1580","2015-08-31",13284
"1581","2015-09-01",17789
"1582","2015-09-02",14843
"1583","2015-09-03",14722
"1584","2015-09-04",11145
"1585","2015-09-05",25848
"1586","2015-09-06",12994
"1587","2015-09-07",8766
"1588","2015-09-08",12676
"1589","2015-09-09",12484
"1590","2015-09-10",8562
"1591","2015-09-11",32915
"1592","2015-09-12",2610
"1593","2015-09-13",14925
"1594","2015-09-14",5440
"1595","2015-09-15",13256
"1596","2015-09-16",7985
"1597","2015-09-17",8298
"1598","2015-09-18",6939
"1599","2015-09-19",7093
"1600","2015-09-20",9686
"1601","2015-09-21",4900
"1602","2015-09-22",15872
"1603","2015-09-23",8711
"1604","2015-09-24",10292
"1605","2015-09-25",12726
"1606","2015-09-26",9587
"1607","2015-09-27",9588
"1608","2015-09-28",12679
"1609","2015-09-29",16673
"1610","2015-09-30",23189
"1611","2015-10-01",17113
"1612","2015-10-02",14336
"1613","2015-10-03",6639
"1614","2015-10-04",17060
"1615","2015-10-05",6114
"1616","2015-10-06",11899
"1617","2015-10-07",16904
"1618","2015-10-08",18375
"1619","2015-10-09",4714
"1620","2015-10-10",20391
"1621","2015-10-11",24432
"1622","2015-10-12",5968
"1623","2015-10-13",16212
"1624","2015-10-14",6726
"1625","2015-10-15",10017
"1626","2015-10-16",25534
"1627","2015-10-17",9099
"1628","2015-10-18",17741
"1629","2015-10-19",20027
"1630","2015-10-20",25215
"1631","2015-10-21",13294
"1632","2015-10-22",16370
"1633","2015-10-23",23316
"1634","2015-10-24",15370
"1635","2015-10-25",51542
"1636","2015-10-26",12842
"1637","2015-10-27",12046
"1638","2015-10-28",24844
"1639","2015-10-29",8591
"1640","2015-10-30",11879
"1641","2015-10-31",7594
"1642","2015-11-01",18613
"1643","2015-11-02",7982
"1644","2015-11-03",5312
"1645","2015-11-04",7354
"1646","2015-11-05",3904
"1647","2015-11-06",12474
"1648","2015-11-07",572
"1649","2015-11-08",8129
"1650","2015-11-09",6328
"1651","2015-11-10",3121
"1652","2015-11-11",3730
"1653","2015-11-12",8124
"1654","2015-11-13",15044
"1655","2015-11-14",16455
"1656","2015-11-15",14650
"1657","2015-11-16",12563
"1658","2015-11-17",8415
"1659","2015-11-18",22121
"1660","2015-11-19",13764
"1661","2015-11-20",25371
"1662","2015-11-21",19200
"1663","2015-11-22",25572
"1664","2015-11-23",37563
"1665","2015-11-24",13529
"1666","2015-11-25",28693
"1667","2015-11-26",13364
"1668","2015-11-27",11757
"1669","2015-11-28",27949
"1670","2015-11-29",21281
"1671","2015-11-30",13819
"1672","2015-12-01",23793
"1673","2015-12-02",13777
"1674","2015-12-03",9880
"1675","2015-12-04",9436
"1676","2015-12-05",5928
"1677","2015-12-06",3319
"1678","2015-12-07",5385
"1679","2015-12-08",3445
"1680","2015-12-09",6061
"1681","2015-12-10",4834
"1682","2015-12-11",2615
"1683","2015-12-12",9029
"1684","2015-12-13",5263
"1685","2015-12-14",436
"1686","2015-12-15",8047
"1687","2015-12-16",6729
"1688","2015-12-17",502
"1689","2015-12-18",2515
"1690","2015-12-19",2842
"1691","2015-12-20",1600
"1692","2015-12-21",2419
"1693","2015-12-22",2279
"1694","2015-12-23",1191
"1695","2015-12-24",1114
"1696","2015-12-25",3081
"1697","2015-12-26",1676
"1698","2015-12-27",2552
"1699","2015-12-28",3331
"1700","2015-12-29",5829
"1701","2015-12-30",3766
"1702","2015-12-31",1451
"1703","2016-01-01",2720
"1704","2016-01-02",4038
"1705","2016-01-03",3357
"1706","2016-01-04",605
"1707","2016-01-05",3298
"1708","2016-01-06",1918
"1709","2016-01-07",4856
"1710","2016-01-08",2390
"1711","2016-01-09",61
"1712","2016-01-10",6331
"1713","2016-01-11",2665
"1714","2016-01-12",1349
"1715","2016-01-13",2042
"1716","2016-01-14",1407
"1717","2016-01-15",1478
"1718","2016-01-16",1931
"1719","2016-01-17",2521
"1720","2016-01-18",4794
"1721","2016-01-19",6018
"1722","2016-01-20",4284
"1723","2016-01-21",1818
"1724","2016-01-22",1982
"1725","2016-01-23",1220
"1726","2016-01-24",2177
"1727","2016-01-25",1623
"1728","2016-01-26",2440
"1729","2016-01-27",898
"1730","2016-01-28",3679
"1731","2016-01-29",1603
"1732","2016-01-30",1204
"1733","2016-01-31",1460
"1734","2016-02-01",1318
"1735","2016-02-02",1660
"1736","2016-02-03",1799
"1737","2016-02-04",1536
"1738","2016-02-05",19548
"1739","2016-02-06",27350
"1740","2016-02-07",6336
"1741","2016-02-08",1805
"1742","2016-02-09",2529
"1743","2016-02-10",5333
"1744","2016-02-11",8634
"1745","2016-02-12",16651
"1746","2016-02-13",29811
"1747","2016-02-14",6432
"1748","2016-02-15",5438
"1749","2016-02-16",4484
"1750","2016-02-17",7062
"1751","2016-02-18",4939
"1752","2016-02-19",11406
"1753","2016-02-20",6765
"1754","2016-02-21",12872
"1755","2016-02-22",2392
"1756","2016-02-23",10707
"1757","2016-02-24",12649
"1758","2016-02-25",10884
"1759","2016-02-26",10632
"1760","2016-02-27",8415
"1761","2016-02-28",15359
"1762","2016-02-29",15663
"1763","2016-03-01",27195
"1764","2016-03-02",12979
"1765","2016-03-03",19720
"1766","2016-03-04",14676
"1767","2016-03-05",12239
"1768","2016-03-06",4635
"1769","2016-03-07",19988
"1770","2016-03-08",13439
"1771","2016-03-09",13496
"1772","2016-03-10",8444
"1773","2016-03-11",16461
"1774","2016-03-12",5054
"1775","2016-03-13",2089
"1776","2016-03-14",7186
"1777","2016-03-15",7913
"1778","2016-03-16",11808
"1779","2016-03-17",2636
"1780","2016-03-18",1565
"1781","2016-03-19",2207
"1782","2016-03-20",4656
"1783","2016-03-21",2500
"1784","2016-03-22",4169
"1785","2016-03-23",5622
"1786","2016-03-24",2652
"1787","2016-03-25",15787
"1788","2016-03-26",6212
"1789","2016-03-27",9124
"1790","2016-03-28",14130
"1791","2016-03-29",7849
"1792","2016-03-30",7324
"1793","2016-03-31",16897
"1794","2016-04-01",16476
"1795","2016-04-02",15157
"1796","2016-04-03",8343
"1797","2016-04-04",13216
"1798","2016-04-05",12615
"1799","2016-04-06",11504
"1800","2016-04-07",20962
"1801","2016-04-08",11558
"1802","2016-04-09",9170
"1803","2016-04-10",13976
"1804","2016-04-11",14172
"1805","2016-04-12",10390
"1806","2016-04-13",12336
"1807","2016-04-14",6568
"1808","2016-04-15",10276
"1809","2016-04-16",10469
"1810","2016-04-17",6476
"1811","2016-04-18",1082
"1812","2016-04-19",6542
"1813","2016-04-20",10653
"1814","2016-04-21",15703
"1815","2016-04-22",13685
"1816","2016-04-23",19014
"1817","2016-04-24",15839
"1818","2016-04-25",18858
"1819","2016-04-26",24616
"1820","2016-04-27",18783
"1821","2016-04-28",19933
"1822","2016-04-29",23327
"1823","2016-04-30",14529
"1824","2016-05-01",21163
"1825","2016-05-02",35854
"1826","2016-05-03",19469
"1827","2016-05-04",2993
"1828","2016-05-05",8078
"1829","2016-05-06",7179
"1830","2016-05-07",2434
"1831","2016-05-08",6877
"1832","2016-05-09",7973
"1833","2016-05-10",16855
"1834","2016-05-11",21335
"1835","2016-05-12",27267
"1836","2016-05-13",18506
"1837","2016-05-14",20645
"1838","2016-05-15",7171
"1839","2016-05-16",6915
"1840","2016-05-17",5492
"1841","2016-05-18",20899
"1842","2016-05-19",10988
"1843","2016-05-20",18385
"1844","2016-05-21",4935
"1845","2016-05-22",12271
"1846","2016-05-23",12520
"1847","2016-05-24",27972
"1848","2016-05-25",13663
"1849","2016-05-26",20154
"1850","2016-05-27",20802
"1851","2016-05-28",10562
"1852","2016-05-29",14541
"1853","2016-05-30",12444
"1854","2016-05-31",22084
"1855","2016-06-01",23925
"1856","2016-06-02",17946
"1857","2016-06-03",28332
"1858","2016-06-04",5583
"1859","2016-06-05",14728
